<beans xmlns="http://www.springframework.org/schema/beans"
	xmlns:xsi="http://www.w3.org/2001/XMLSchema-instance"
	xsi:schemaLocation="
       http://www.springframework.org/schema/beans http://www.springframework.org/schema/beans/spring-beans.xsd
       http://camel.apache.org/schema/spring http://camel.apache.org/schema/spring/camel-spring.xsd
    ">

	<!-- this is an included XML file where we only the routeContext for RabbitMQ. -->
	<routeContext id="rabbitMQEndpoint" xmlns="http://camel.apache.org/schema/spring">

		<!-- route to process request from queue. -->
		<route id="request">
			<from uri="ref:timerRef" />
			<!-- Rest call to consume request. -->
			<to uri="ref:consumeRequest" />
			<!-- UnMarshalling JSON object into Java Object. -->
			<unmarshal ref="jack" />
			<log message="Unmarshalled data: ${body}" />
			<onException>
				<exception>org.apache.camel.InvalidPayloadException</exception>
				<handled>
					<constant>true</constant>
				</handled>
				<log message="Invalid request payload:${body}" />
			</onException>
			<!-- pass the java object to bean for mapping and processing. -->
			<bean ref="consumerProcess" />
			<when>
				<simple>${body} == null</simple>
				<stop></stop>
			</when>
			<otherwise><!-- log the expected request message. -->
				<log message="Expected request message  is: ${body}" />
				<!-- pass processed fixed length data to simulator(RabbitMQ) -->
				<to uri="ref:producer-rabbitMQ" />
				<!-- mock the object after mapping and processing. -->
				<to uri="mock:excpectedRequest" />
			</otherwise>

		</route>
		<!-- route to process response from queue -->
		<route id="response">
			<!-- get response data from simulator -->
			<from uri="ref:consumeResponse" />
			<!-- log the response message. -->
			<log message="response message is : ${body}" />
			<!-- Pass the response message for mapping and processing. -->
			<bean ref="producerProcess" />
			<!-- log the mapped response message. -->
			<log message="The expected response message is (Fixed Length):${body}" />
			<!-- marshal the fixed length data to JSON. -->
			<marshal ref="json" />
			<!-- log the JSON response. -->
			<log message="The expected response message is (JSON) :${body}" />
			<onException>
				<exception>org.apache.camel.InvalidPayloadException</exception>
				<handled>
					<constant>true</constant>
				</handled>
				<log message="Invalid response payload:${body}" />
			</onException>
			<!-- send response back with rest call. -->
			<setHeader headerName="Content-Type">
				<constant>application/json</constant>
			</setHeader>
			<setHeader headerName="CamelHttpMethod">
				<constant>PUT</constant>
			</setHeader>
			<to uri="ref:producerResponse" />
			<!-- mock the JSON response. -->
			<to uri="mock:excpectedResponseJSON" />
		</route>
	</routeContext>

</beans>