<beans xmlns="http://www.springframework.org/schema/beans"
	xmlns:xsi="http://www.w3.org/2001/XMLSchema-instance"
	xsi:schemaLocation="
       http://www.springframework.org/schema/beans http://www.springframework.org/schema/beans/spring-beans.xsd
       http://camel.apache.org/schema/spring http://camel.apache.org/schema/spring/camel-spring.xsd
    ">

	<!-- import the routes from another XML file -->
	<import resource="camel-rabbitMQ-context.xml" />
	<!-- <import resource="camel-tcp-context.xml" /> -->

	<camelContext id="camel-A" xmlns="http://camel.apache.org/schema/spring">

		<!-- Refer camel-rabbitMQ-context file to include the routes -->
		<routeContextRef ref="rabbitMQEndpoint" />
		
		<!-- Refer camel-TCP-context file to include the routes -->
		<!-- <routeContextRef ref="tcpEndpoint" /> -->

		<!-- RabbitMQ request queue to put request data -->
		<endpoint id="producer-rabbitMQ"
			uri="rabbitmq://{{url.ip}}:{{url.rabbitMQ.port}}/thirdparty.exchange">
			<property key="exchangeType" value="fanout" />
			<property key="queue" value="thirdparty.queue" />
			<property key="durable" value="true" />
			<property key="autoDelete" value="false" />
		</endpoint>

		<!-- Consume request URL from event using HTTP rest call -->
		<endpoint id="consumeRequest"
			uri="http://{{url.ip}}:{{url.port}}/consumer/getMessage" />

		<!-- Consume response URL from simulator or endpoint using HTTP rest call -->
		<endpoint id="consumeResponse"
			uri="rabbitmq://{{url.ip}}:{{url.rabbitMQ.port}}/thirdparty.response.exchange">
			<property key="exchangeType" value="fanout" />
			<property key="queue" value="thirdparty.response.queue" />
			<property key="durable" value="true" />
			<property key="autoDelete" value="false" />
		</endpoint>

		<!-- Produce response to event bus using HTTP REST call -->
		<endpoint id="producerResponse"
			uri="http://{{url.ip}}:{{url.port}}/consumer/response" />

		<!-- Produce response to event bus using HTTP REST call -->
		<endpoint id="timerRef" uri="timer://event?fixedRate=true&amp;period=30000" />

		<dataFormats>
			<!-- Defined a Json data format with the id jack and that it should use 
				the Customer as the class type when doing UnMarshall. The unmarshalTypeName 
				is optional, if not provided Camel will use a Map as the type. -->
			<json id="jack" library="Jackson" unmarshalTypeName="com.card.source.model.Customer" />
			<!-- Marshall the JSON object -->
			<json id="json" library="Jackson" />
		</dataFormats>

	</camelContext>

	<!-- Inject the beans -->
	<bean id="consumerProcess" class="com.card.processor.EventConsumerBean" />
	<bean id="producerProcess" class="com.card.processor.EventResponseBean" />

</beans>
