<beans xmlns="http://www.springframework.org/schema/beans"
	xmlns:xsi="http://www.w3.org/2001/XMLSchema-instance"
	xsi:schemaLocation="
       http://www.springframework.org/schema/beans http://www.springframework.org/schema/beans/spring-beans.xsd
       http://camel.apache.org/schema/spring http://camel.apache.org/schema/spring/camel-spring.xsd
    ">

	<!-- this is an included XML file where we only the routeContext for TCP -->
	<routeContext id="tcpEndpoint" xmlns="http://camel.apache.org/schema/spring">
		<route id="request-response">
			<!-- consume data by rest call. -->
			<from uri="ref:timerRef" />
			<!-- UnMarshall the JSON into Object. -->
			<unmarshal ref="jack" />
			<bean ref="consumerProcess" />
			<log message="The expected request message is :: ${body}" />
			<!-- put request on simulator and get response back on same URI -->
			<to uri="ref:tcp" />
			<!-- pass response data for mapping purpose. -->
			<bean ref="producerProcess" />
			<log message="The expected response message is (Fixed Length):: ${body}" />
			<!-- Marshall fixed length data into JSON. -->
			<marshal ref="json" />
			<!-- mock response JSON. -->
			<to uri="mock:direct:excpectedResponseJSON" />
			<!-- log JSON response. -->
			<log message="The expected response message is (JSON) :: ${body}" />
			<!-- Rest call to send response. -->
			<setHeader headerName="Content-Type">
				<constant>application/json</constant>
			</setHeader>
			<setHeader headerName="CamelHttpMethod">
				<constant>PUT</constant>
			</setHeader>
			<to uri="ref:producerResponse" />
			<to uri="ref:resultData" />
		</route>
	</routeContext>
</beans>